﻿<parameters>
  <parameter name="IIS Web Application Name" defaultValue="Default Web Site/gookon_deploy" tags="IisApp">
    <parameterEntry kind="ProviderPath" scope="IisApp" match="^C:\\Users\\chiahuishih\\Documents\\Visual\ Studio\ 2010\\Projects\\gookon\\gookon\\obj\\Debug\\Package\\PackageTmp$" />
    <parameterEntry kind="ProviderPath" scope="setAcl" match="^C:\\Users\\chiahuishih\\Documents\\Visual\ Studio\ 2010\\Projects\\gookon\\gookon\\obj\\Debug\\Package\\PackageTmp$" />
  </parameter>
  <parameter name="medicineConnectionString1-Web.config Connection String" description="medicineConnectionString1 web.config 中供應用程式用來存取資料庫的連接字串。" defaultValue="Data Source=CHIAHUISHIH-PC\sqlexpress;Initial Catalog=medicine;Integrated Security=True" tags="SqlConnectionString">
    <parameterEntry kind="XmlFile" scope="C:\\Users\\chiahuishih\\Documents\\Visual\ Studio\ 2010\\Projects\\gookon\\gookon\\obj\\Debug\\Package\\PackageTmp\\Web\.config$" match="/configuration/connectionStrings/add[@name='medicineConnectionString1']/@connectionString" />
  </parameter>
  <parameter name="industryConnectionString-Web.config Connection String" description="industryConnectionString web.config 中供應用程式用來存取資料庫的連接字串。" defaultValue="Data Source=CHIAHUISHIH-PC\SQLEXPRESS;Initial Catalog=industry;Integrated Security=True" tags="SqlConnectionString">
    <parameterEntry kind="XmlFile" scope="C:\\Users\\chiahuishih\\Documents\\Visual\ Studio\ 2010\\Projects\\gookon\\gookon\\obj\\Debug\\Package\\PackageTmp\\Web\.config$" match="/configuration/connectionStrings/add[@name='industryConnectionString']/@connectionString" />
  </parameter>
</parameters>